{
  "project_info": {
    "project_number": "478937764262",
    "firebase_url": "https://wallipi-2501.firebaseio.com",
    "project_id": "wallipi-2501",
    "storage_bucket": "wallipi-2501.appspot.com"
  },
  "client": [
    {
      "client_info": {
        "mobilesdk_app_id": "1:478937764262:android:a79406d3f68eed9dc53f67",
        "android_client_info": {
          "package_name": "com.developerdepository.wallipi"
        }
      },
      "oauth_client": [
        {
          "client_id": "478937764262-5gtrepis7m35mkatqvi1jftb7vrfj8n9.apps.googleusercontent.com",
          "client_type": 1,
          "android_info": {
            "package_name": "com.developerdepository.wallipi",
            "certificate_hash": "YOUR_OWN_CERTIFICATE_HASH"
          }
        },
        {
          "client_id": "478937764262-bf1dc65ea0bbh67jt6ioqmgg4jmbm1na.apps.googleusercontent.com",
          "client_type": 3
        }
      ],
      "api_key": [
        {
          "current_key": "AIzaSyDosJ6550ilJjY30Vo_lYI9qaI5rHtps7E"
        }
      ],
      "services": {
        "appinvite_service": {
          "other_platform_oauth_client": [
            {
              "client_id": "478937764262-bf1dc65ea0bbh67jt6ioqmgg4jmbm1na.apps.googleusercontent.com",
              "client_type": 3
            }
          ]
        }
      }
    }
  ],
  "configuration_version": "1"
}
