[
  {
    "name": "Abstract",
    "preview1": "https://images.unsplash.com/photo-1618005182384-a83a8bd57fbe?crop=entropy&cs=tinysrgb&fit=max&fm=jpg&ixid=MnwyNTY4MjV8MHwxfHNlYXJjaHwzfHxhYnN0cmFjdHxlbnwwfHx8fDE2NTAxMjE2ODg&ixlib=rb-1.2.1&q=80&w=400",
    "preview2": "https://images.unsplash.com/photo-1565619624098-cf4168a7cd9d?crop=entropy&cs=tinysrgb&fit=max&fm=jpg&ixid=MnwyNTY4MjV8MHwxfHNlYXJjaHwyMnx8cGF0dGVybnxlbnwwfHx8fDE2NDM5NDYzOTI&ixlib=rb-1.2.1&q=80&w=400",
    "preview3": "https://images.unsplash.com/photo-1642615835477-d303d7dc9ee9?crop=entropy&cs=tinysrgb&fit=max&fm=jpg&ixid=MnwyNTY4MjV8MHwxfGNvbGxlY3Rpb258MzV8MzE3MDk5fHx8fHwyfHwxNjQzODA2NTI4&ixlib=rb-1.2.1&q=80&w=400"
  },
  {
    "name": "Adventure",
    "preview1": "https://images.unsplash.com/photo-1636964204923-ebb7558340b3?crop=entropy&cs=tinysrgb&fit=max&fm=jpg&ixid=MnwyNTY4MjV8MHwxfGNvbGxlY3Rpb258MTk1fDMxNzA5OXx8fHx8Mnx8MTY0NTI0ODAyMg&ixlib=rb-1.2.1&q=80&w=400",
    "preview2": "https://images.unsplash.com/photo-1642509065947-5569edd10854?crop=entropy&cs=tinysrgb&fit=max&fm=jpg&ixid=MnwyNTY4MjV8MHwxfGNvbGxlY3Rpb258MzN8MzE3MDk5fHx8fHwyfHwxNjQzODA2NTI4&ixlib=rb-1.2.1&q=80&w=400",
    "preview3": "https://images.unsplash.com/photo-1611269035330-13ea6a4c3019?crop=entropy&cs=tinysrgb&fit=max&fm=jpg&ixid=MnwyNTY4MjV8MHwxfGNvbGxlY3Rpb258MTV8MzE3MDk5fHx8fHwyfHwxNjQzODA2NTI4&ixlib=rb-1.2.1&q=80&w=400"
  },
  {
    "name": "Alone",
    "preview1": "https://images.unsplash.com/photo-1528645944521-c061770de25d?crop=entropy&cs=tinysrgb&fit=max&fm=jpg&ixid=MnwyNTY4MjV8MHwxfHNlYXJjaHwxMTd8fGZlc3RpdmFsfGVufDB8fHx8MTY0NTI5MDM4Mg&ixlib=rb-1.2.1&q=80&w=400",
    "preview2": "https://images.unsplash.com/photo-1516450137517-162bfbeb8dba?crop=entropy&cs=tinysrgb&fit=max&fm=jpg&ixid=MnwyNTY4MjV8MHwxfHNlYXJjaHwzOHx8ZmVzdGl2YWx8ZW58MHx8fHwxNjQ1MjkwMzEw&ixlib=rb-1.2.1&q=80&w=400",
    "preview3": "https://images.unsplash.com/photo-1606029246036-7b352c188652?crop=entropy&cs=tinysrgb&fit=max&fm=jpg&ixid=MnwyNTY4MjV8MHwxfHNlYXJjaHwyMTh8fHdhbGxwYXBlciUyMG1vYmlsZXxlbnwwfHx8fDE2NDM3ODAxMTU&ixlib=rb-1.2.1&q=80&w=400"
  },
  {
    "name": "Amoled",
    "preview1": "https://images.unsplash.com/photo-1628029799784-50d803e64ea0?crop=entropy&cs=tinysrgb&fit=max&fm=jpg&ixid=MnwyNTY4MjV8MHwxfHNlYXJjaHwxNzJ8fHdhbGxwYXBlciUyMG1vYmlsZXxlbnwwfHx8fDE2NDM3ODAwMjg&ixlib=rb-1.2.1&q=80&w=400",
    "preview2": "https://images.unsplash.com/photo-1631476517575-7fc2eaf9fa54?crop=entropy&cs=tinysrgb&fit=max&fm=jpg&ixid=MnwyNTY4MjV8MHwxfHNlYXJjaHw1Mnx8d2FsbHBhcGVyJTIwbW9iaWxlfGVufDB8fHx8MTY0Mzc3OTc3Mg&ixlib=rb-1.2.1&q=80&w=400",
    "preview3": "https://images.unsplash.com/photo-1620744209976-74accdabd814?crop=entropy&cs=tinysrgb&fit=max&fm=jpg&ixid=MnwyNTY4MjV8MHwxfHNlYXJjaHw0NHx8d2FsbHBhcGVyJTIwbW9iaWxlfGVufDB8fHx8MTY0Mzc3OTc3Mg&ixlib=rb-1.2.1&q=80&w=400"
  },
  {
    "name": "Animal",
    "preview1": "https://images.unsplash.com/photo-1562569633-622303bafef5?crop=entropy&cs=tinysrgb&fit=max&fm=jpg&ixid=MnwyNTY4MjV8MHwxfHNlYXJjaHw4MXx8YW5pbWFsfGVufDB8fHx8MTY0NTU4ODc4MA&ixlib=rb-1.2.1&q=80&w=400",
    "preview2": "https://images.unsplash.com/photo-1555169062-013468b47731?crop=entropy&cs=tinysrgb&fit=max&fm=jpg&ixid=MnwyNTY4MjV8MHwxfHNlYXJjaHw0fHxhbmltYWx8ZW58MHx8fHwxNjQ1NTg4NjMx&ixlib=rb-1.2.1&q=80&w=400",
    "preview3": "https://images.unsplash.com/photo-1592194996308-7b43878e84a6?crop=entropy&cs=tinysrgb&fit=max&fm=jpg&ixid=MnwyNTY4MjV8MHwxfHNlYXJjaHwzNnx8YW5pbWFsfGVufDB8fHx8MTY0NTU4ODYzMQ&ixlib=rb-1.2.1&q=80&w=400"
  },
  {
    "name": "Architecture",
    "preview1": "https://images.unsplash.com/photo-1614860648674-f125cbc55b10?crop=entropy&cs=tinysrgb&fit=max&fm=jpg&ixid=MnwyNTY4MjV8MHwxfHNlYXJjaHwxMjl8fGZlc3RpdmFsfGVufDB8fHx8MTY0NTI5MDQzNw&ixlib=rb-1.2.1&q=80&w=400",
    "preview2": "https://images.unsplash.com/photo-1620406968602-f7e7cd9febce?crop=entropy&cs=tinysrgb&fit=max&fm=jpg&ixid=MnwyNTY4MjV8MHwxfHNlYXJjaHwxODN8fHdhbGxwYXBlciUyMG1vYmlsZXxlbnwwfHx8fDE2NDM3ODAwODU&ixlib=rb-1.2.1&q=80&w=400",
    "preview3": "https://images.unsplash.com/photo-1620104493388-8747c90fcc2d?crop=entropy&cs=tinysrgb&fit=max&fm=jpg&ixid=MnwyNTY4MjV8MHwxfHNlYXJjaHwyMDJ8fHdhbGxwYXBlciUyMG1vYmlsZXxlbnwwfHx8fDE2NDM3ODAxMTU&ixlib=rb-1.2.1&q=80&w=400"
  },
  {
    "name": "Art",
    "preview1": "https://images.unsplash.com/photo-1562619371-b67725b6fde2?crop=entropy&cs=tinysrgb&fit=max&fm=jpg&ixid=MnwyNTY4MjV8MHwxfHNlYXJjaHw3Mnx8cGF0dGVybnxlbnwwfHx8fDE2NDM5NDY0NDc&ixlib=rb-1.2.1&q=80&w=400",
    "preview2": "https://images.unsplash.com/photo-1586518612255-1e03370dc63c?crop=entropy&cs=tinysrgb&fit=max&fm=jpg&ixid=MnwyNTY4MjV8MHwxfHNlYXJjaHw4MHx8cGF0dGVybnxlbnwwfHx8fDE2NDM5NDY0NDc&ixlib=rb-1.2.1&q=80&w=400",
    "preview3": "https://images.unsplash.com/photo-1533122250115-6bb28e9a48c3?crop=entropy&cs=tinysrgb&fit=max&fm=jpg&ixid=MnwyNTY4MjV8MHwxfHNlYXJjaHwxNnx8cGF0dGVybnxlbnwwfHx8fDE2NDM5NDYzOTI&ixlib=rb-1.2.1&q=80&w=400"
  },
  {
    "name": "Comics",
    "preview1": "https://images.unsplash.com/photo-1501432377862-3d0432b87a14?crop=entropy&cs=tinysrgb&fit=max&fm=jpg&ixid=MnwyNTY4MjV8MHwxfHNlYXJjaHw1N3x8Y29taWN8ZW58MHx8fHwxNjQzODA2ODg0&ixlib=rb-1.2.1&q=80&w=400",
    "preview2": "https://images.unsplash.com/photo-1608889175123-8ee362201f81?crop=entropy&cs=tinysrgb&fit=max&fm=jpg&ixid=MnwyNTY4MjV8MHwxfHNlYXJjaHwzM3x8Y29taWN8ZW58MHx8fHwxNjQzODA2ODc2&ixlib=rb-1.2.1&q=80&w=400",
    "preview3": "https://images.unsplash.com/photo-1596727147705-61a532a659bd?crop=entropy&cs=tinysrgb&fit=max&fm=jpg&ixid=MnwyNTY4MjV8MHwxfHNlYXJjaHwyOXx8Y29taWN8ZW58MHx8fHwxNjQzODA2ODc2&ixlib=rb-1.2.1&q=80&w=400"
  },
  {
    "name": "Design",
    "preview1": "https://images.unsplash.com/photo-1645181196184-3ae5bf3fc91d?crop=entropy&cs=tinysrgb&fit=max&fm=jpg&ixid=MnwyNTY4MjV8MHwxfGNvbGxlY3Rpb258N3wzMTcwOTl8fHx8fDJ8fDE2NDUyODk0ODM&ixlib=rb-1.2.1&q=80&w=400",
    "preview2": "https://images.unsplash.com/photo-1567360425618-1594206637d2?crop=entropy&cs=tinysrgb&fit=max&fm=jpg&ixid=MnwyNTY4MjV8MHwxfHNlYXJjaHw5fHx3YWxscGFwZXIlMjBtb2JpbGV8ZW58MHx8fHwxNjQzNzc5NzQ5&ixlib=rb-1.2.1&q=80&w=400",
    "preview3": "https://images.unsplash.com/photo-1567359781514-3b964e2b04d6?crop=entropy&cs=tinysrgb&fit=max&fm=jpg&ixid=MnwyNTY4MjV8MHwxfHNlYXJjaHwyfHxhYnN0cmFjdHxlbnwwfHx8fDE2NDM3MDM1MDk&ixlib=rb-1.2.1&q=80&w=400"
  },
  {
    "name": "Earth",
    "preview1": "https://images.unsplash.com/photo-1643330683233-ff2ac89b002c?crop=entropy&cs=tinysrgb&fit=max&fm=jpg&ixid=MnwyNTY4MjV8MHwxfGNvbGxlY3Rpb258MTN8MzE3MDk5fHx8fHwyfHwxNjQzNzEwODQ2&ixlib=rb-1.2.1&q=80&w=400",
    "preview2": "https://images.unsplash.com/photo-1560759226-14da22a643ef?crop=entropy&cs=tinysrgb&fit=max&fm=jpg&ixid=MnwyNTY4MjV8MHwxfHNlYXJjaHwxOTN8fHdhbGxwYXBlciUyMG1vYmlsZXxlbnwwfHx8fDE2NDM3ODAwODU&ixlib=rb-1.2.1&q=80&w=400",
    "preview3": "https://images.unsplash.com/photo-1608205897525-0cea7119ec9e?crop=entropy&cs=tinysrgb&fit=max&fm=jpg&ixid=MnwyNTY4MjV8MHwxfHNlYXJjaHw1Nnx8d2FsbHBhcGVyJTIwbW9iaWxlfGVufDB8fHx8MTY0Mzc3OTc3Mg&ixlib=rb-1.2.1&q=80&w=400"
  },
  {
    "name": "Flowers",
    "preview1": "https://images.unsplash.com/photo-1590822736976-f8815072dd3e?crop=entropy&cs=tinysrgb&fit=max&fm=jpg&ixid=MnwyNTY4MjV8MHwxfHNlYXJjaHwyMDh8fHdhbGxwYXBlciUyMG1vYmlsZXxlbnwwfHx8fDE2NDM3ODAxMTU&ixlib=rb-1.2.1&q=80&w=400",
    "preview2": "https://images.unsplash.com/photo-1469259943454-aa100abba749?crop=entropy&cs=tinysrgb&fit=max&fm=jpg&ixid=MnwyNTY4MjV8MHwxfHNlYXJjaHwzfHxmbG93ZXJzfGVufDB8fHx8MTY0MzcyMTk0MQ&ixlib=rb-1.2.1&q=80&w=400",
    "preview3": "https://images.unsplash.com/photo-1631476517575-7fc2eaf9fa54?crop=entropy&cs=tinysrgb&fit=max&fm=jpg&ixid=MnwyNTY4MjV8MHwxfHNlYXJjaHw1Mnx8d2FsbHBhcGVyJTIwbW9iaWxlfGVufDB8fHx8MTY0Mzc3OTc3Mg&ixlib=rb-1.2.1&q=80&w=400"
  },
  {
    "name": "Food",
    "preview1": "https://images.unsplash.com/photo-1577234286642-fc512a5f8f11?crop=entropy&cs=tinysrgb&fit=max&fm=jpg&ixid=MnwyNTY4MjV8MHwxfHNlYXJjaHw4Nnx8Zm9vZHxlbnwwfHx8fDE2NDM5MDYyOTg&ixlib=rb-1.2.1&q=80&w=400",
    "preview2": "https://images.unsplash.com/photo-1563805042-7684c019e1cb?crop=entropy&cs=tinysrgb&fit=max&fm=jpg&ixid=MnwyNTY4MjV8MHwxfHNlYXJjaHw2NHx8Zm9vZHxlbnwwfHx8fDE2NDM5MDYyNzU&ixlib=rb-1.2.1&q=80&w=400",
    "preview3": "https://images.unsplash.com/photo-1488900128323-21503983a07e?crop=entropy&cs=tinysrgb&fit=max&fm=jpg&ixid=MnwyNTY4MjV8MHwxfHNlYXJjaHw0M3x8Zm9vZHxlbnwwfHx8fDE2NDM5MDYyNTg&ixlib=rb-1.2.1&q=80&w=400"
  },
  {
    "name": "Gradient",
    "preview1": "https://images.unsplash.com/photo-1643916861364-02e63ce3e52f?crop=entropy&cs=tinysrgb&fit=max&fm=jpg&ixid=MnwyNTY4MjV8MHwxfGNvbGxlY3Rpb258MTd8MzE3MDk5fHx8fHwyfHwxNjQ0OTQ3NTEw&ixlib=rb-1.2.1&q=80&w=400",
    "preview2": "https://images.unsplash.com/photo-1618397746666-63405ce5d015?crop=entropy&cs=tinysrgb&fit=max&fm=jpg&ixid=MnwyNTY4MjV8MHwxfHNlYXJjaHw5NHx8d2FsbHBhcGVyJTIwbW9iaWxlfGVufDB8fHx8MTY0Mzc3OTkyNg&ixlib=rb-1.2.1&q=80&w=400",
    "preview3": "https://images.unsplash.com/photo-1620055374842-145f66ec4652?crop=entropy&cs=tinysrgb&fit=max&fm=jpg&ixid=MnwyNTY4MjV8MHwxfHNlYXJjaHwxNzh8fHdhbGxwYXBlciUyMG1vYmlsZXxlbnwwfHx8fDE2NDM3ODAwMjg&ixlib=rb-1.2.1&q=80&w=400"
  },
  {
    "name": "Illustration",
    "preview1": "https://images.unsplash.com/photo-1634017839464-5c339ebe3cb4?crop=entropy&cs=tinysrgb&fit=max&fm=jpg&ixid=MnwyNTY4MjV8MHwxfHNlYXJjaHw2M3x8YWJzdHJhY3R8ZW58MHx8fHwxNjUwMTIxNzMw&ixlib=rb-1.2.1&q=80&w=400",
    "preview2": "https://images.unsplash.com/photo-1588097281266-310cead47879?crop=entropy&cs=tinysrgb&fit=max&fm=jpg&ixid=MnwyNTY4MjV8MHwxfHNlYXJjaHwzMXx8cGF0dGVybnxlbnwwfHx8fDE2NDM5NDYzOTI&ixlib=rb-1.2.1&q=80&w=400",
    "preview3": "https://images.unsplash.com/photo-1643135163906-ff2dd0017e6f?crop=entropy&cs=tinysrgb&fit=max&fm=jpg&ixid=MnwyNTY4MjV8MHwxfGNvbGxlY3Rpb258MjR8MzE3MDk5fHx8fHwyfHwxNjQzODA2NTI4&ixlib=rb-1.2.1&q=80&w=400"
  },
  {
    "name": "Nature",
    "preview1": "https://images.unsplash.com/photo-1593980276699-64469ab7de9c?crop=entropy&cs=tinysrgb&fit=max&fm=jpg&ixid=MnwyNTY4MjV8MHwxfHNlYXJjaHwzMHx8ZmVzdGl2YWx8ZW58MHx8fHwxNjQ1MjkwMzEw&ixlib=rb-1.2.1&q=80&w=400",
    "preview2": "https://images.unsplash.com/photo-1642509065947-5569edd10854?crop=entropy&cs=tinysrgb&fit=max&fm=jpg&ixid=MnwyNTY4MjV8MHwxfGNvbGxlY3Rpb258MzN8MzE3MDk5fHx8fHwyfHwxNjQzODA2NTI4&ixlib=rb-1.2.1&q=80&w=400",
    "preview3": "https://images.unsplash.com/photo-1500817487388-039e623edc21?crop=entropy&cs=tinysrgb&fit=max&fm=jpg&ixid=MnwyNTY4MjV8MHwxfHNlYXJjaHw0M3x8d2FsbHBhcGVyJTIwbW9iaWxlfGVufDB8fHx8MTY0Mzc3OTc3Mg&ixlib=rb-1.2.1&q=80&w=400"
  },
  {
    "name": "Neon",
    "preview1": "https://images.unsplash.com/photo-1520176501380-9a174bf7c783?crop=entropy&cs=tinysrgb&fit=max&fm=jpg&ixid=MnwyNTY4MjV8MHwxfHNlYXJjaHw1NXx8bmVvbnxlbnwwfHx8fDE2NDM4MDg4NTI&ixlib=rb-1.2.1&q=80&w=400",
    "preview2": "https://images.unsplash.com/photo-1579790368487-58ced0672b96?crop=entropy&cs=tinysrgb&fit=max&fm=jpg&ixid=MnwyNTY4MjV8MHwxfHNlYXJjaHw1M3x8bmVvbnxlbnwwfHx8fDE2NDM4MDg4NTI&ixlib=rb-1.2.1&q=80&w=400",
    "preview3": "https://images.unsplash.com/photo-1549326371-ea41b6983c73?crop=entropy&cs=tinysrgb&fit=max&fm=jpg&ixid=MnwyNTY4MjV8MHwxfHNlYXJjaHw0N3x8bmVvbnxlbnwwfHx8fDE2NDM4MDg4NTI&ixlib=rb-1.2.1&q=80&w=400"
  },
  {
    "name": "Space",
    "preview1": "https://images.unsplash.com/photo-1527066579998-dbbae57f45ce?crop=entropy&cs=tinysrgb&fit=max&fm=jpg&ixid=MnwyNTY4MjV8MHwxfHNlYXJjaHwyNHx8YWJzdHJhY3R8ZW58MHx8fHwxNjUwMjE1NTQy&ixlib=rb-1.2.1&q=80&w=400",
    "preview2": "https://images.unsplash.com/photo-1622017911841-393419c24e58?crop=entropy&cs=tinysrgb&fit=max&fm=jpg&ixid=MnwyNTY4MjV8MHwxfHNlYXJjaHwxNzd8fHdhbGxwYXBlciUyMG1vYmlsZXxlbnwwfHx8fDE2NDM3ODAwMjg&ixlib=rb-1.2.1&q=80&w=400",
    "preview3": "https://images.unsplash.com/photo-1530508777238-14544088c3ed?crop=entropy&cs=tinysrgb&fit=max&fm=jpg&ixid=MnwyNTY4MjV8MHwxfHNlYXJjaHw0NXx8d2FsbHBhcGVyJTIwbW9iaWxlfGVufDB8fHx8MTY0Mzc3OTc3Mg&ixlib=rb-1.2.1&q=80&w=400"
  },
  {
    "name": "Spiritual",
    "preview1": "https://images.unsplash.com/photo-1566571688621-2dca2366154e?crop=entropy&cs=tinysrgb&fit=max&fm=jpg&ixid=MnwyNTY4MjV8MHwxfHNlYXJjaHw5NHx8ZmVzdGl2YWx8ZW58MHx8fHwxNjQ1MjkwMzU2&ixlib=rb-1.2.1&q=80&w=400",
    "preview2": "https://images.unsplash.com/photo-1644506050127-e3690621f2b1?crop=entropy&cs=tinysrgb&fit=max&fm=jpg&ixid=MnwyNTY4MjV8MHwxfGNvbGxlY3Rpb258NXwzMTcwOTl8fHx8fDJ8fDE2NDQ5NDc1MTA&ixlib=rb-1.2.1&q=80&w=400",
    "preview3": "https://images.unsplash.com/photo-1620104493388-8747c90fcc2d?crop=entropy&cs=tinysrgb&fit=max&fm=jpg&ixid=MnwyNTY4MjV8MHwxfHNlYXJjaHwyMDJ8fHdhbGxwYXBlciUyMG1vYmlsZXxlbnwwfHx8fDE2NDM3ODAxMTU&ixlib=rb-1.2.1&q=80&w=400"
  },
  {
    "name": "Super Heroes",
    "preview1": "https://images.unsplash.com/photo-1501432377862-3d0432b87a14?crop=entropy&cs=tinysrgb&fit=max&fm=jpg&ixid=MnwyNTY4MjV8MHwxfHNlYXJjaHw1N3x8Y29taWN8ZW58MHx8fHwxNjQzODA2ODg0&ixlib=rb-1.2.1&q=80&w=400",
    "preview2": "https://images.unsplash.com/photo-1608889175123-8ee362201f81?crop=entropy&cs=tinysrgb&fit=max&fm=jpg&ixid=MnwyNTY4MjV8MHwxfHNlYXJjaHwzM3x8Y29taWN8ZW58MHx8fHwxNjQzODA2ODc2&ixlib=rb-1.2.1&q=80&w=400",
    "preview3": "https://images.unsplash.com/photo-1596727147705-61a532a659bd?crop=entropy&cs=tinysrgb&fit=max&fm=jpg&ixid=MnwyNTY4MjV8MHwxfHNlYXJjaHwyOXx8Y29taWN8ZW58MHx8fHwxNjQzODA2ODc2&ixlib=rb-1.2.1&q=80&w=400"
  },
  {
    "name": "Texture",
    "preview1": "https://images.unsplash.com/photo-1634017839464-5c339ebe3cb4?crop=entropy&cs=tinysrgb&fit=max&fm=jpg&ixid=MnwyNTY4MjV8MHwxfHNlYXJjaHw2M3x8YWJzdHJhY3R8ZW58MHx8fHwxNjUwMTIxNzMw&ixlib=rb-1.2.1&q=80&w=400",
    "preview2": "https://images.unsplash.com/photo-1534312527009-56c7016453e6?crop=entropy&cs=tinysrgb&fit=max&fm=jpg&ixid=MnwyNTY4MjV8MHwxfHNlYXJjaHwyMXx8YWJzdHJhY3R8ZW58MHx8fHwxNjUwMTIxNjg5&ixlib=rb-1.2.1&q=80&w=400",
    "preview3": "https://images.unsplash.com/photo-1647305169623-d3258683199e?crop=entropy&cs=tinysrgb&fit=max&fm=jpg&ixid=MnwyNTY4MjV8MHwxfGNvbGxlY3Rpb258NTV8MzE3MDk5fHx8fHwyfHwxNjQ5ODI4MzA0&ixlib=rb-1.2.1&q=80&w=400"
  },
  {
    "name": "Vehicles",
    "preview1": "https://images.unsplash.com/photo-1603831126198-a53fd2a50da5?crop=entropy&cs=tinysrgb&fit=max&fm=jpg&ixid=MnwyNTY4MjV8MHwxfHNlYXJjaHwyMzR8fHdhbGxwYXBlciUyMG1vYmlsZXxlbnwwfHx8fDE2NDM3ODAxNzA&ixlib=rb-1.2.1&q=80&w=400",
    "preview2": "https://images.unsplash.com/photo-1614162698829-831e2a7ca28c?crop=entropy&cs=tinysrgb&fit=max&fm=jpg&ixid=MnwyNTY4MjV8MHwxfHNlYXJjaHwyMDF8fHdhbGxwYXBlciUyMG1vYmlsZXxlbnwwfHx8fDE2NDM3ODAxMTU&ixlib=rb-1.2.1&q=80&w=400",
    "preview3": "https://images.unsplash.com/photo-1559289431-9f12ee08f8b6?crop=entropy&cs=tinysrgb&fit=max&fm=jpg&ixid=MnwyNTY4MjV8MHwxfHNlYXJjaHwzfHxtb3RvcmN5Y2xlfGVufDB8fHx8MTY0MzczNTIyMA&ixlib=rb-1.2.1&q=80&w=400"
  },
  {
    "name": "Words",
    "preview1": "https://images.unsplash.com/photo-1588007374946-c79543903e8a?crop=entropy&cs=tinysrgb&fit=max&fm=jpg&ixid=MnwyNTY4MjV8MHwxfHNlYXJjaHwzNnx8bmVvbnxlbnwwfHx8fDE2NDM4MDg4MTU&ixlib=rb-1.2.1&q=80&w=400",
    "preview2": "https://images.unsplash.com/photo-1513807762437-8c8dee6b3776?crop=entropy&cs=tinysrgb&fit=max&fm=jpg&ixid=MnwyNTY4MjV8MHwxfHNlYXJjaHwzMXx8bmVvbnxlbnwwfHx8fDE2NDM4MDg4MTU&ixlib=rb-1.2.1&q=80&w=400",
    "preview3": "https://images.unsplash.com/photo-1571450669798-fcb4c543f6a4?crop=entropy&cs=tinysrgb&fit=max&fm=jpg&ixid=MnwyNTY4MjV8MHwxfHNlYXJjaHwyM3x8bmVvbnxlbnwwfHx8fDE2NDM4MDg4MTU&ixlib=rb-1.2.1&q=80&w=400"
  }
]